name,height_inches,wingspan_inches,relative
mo bamba,83.25,94.0,10.75
jalen williams,76.5,86.25,9.75
isaiah stewart,79.25,88.75,9.5
robert williams iii,80.0,89.5,9.5
cedric coward,77.25,86.25,9.0
josh okogie,75.0,84.0,9.0
kawhi leonard,78.0,87.0,9.0
rasheer fleming,80.25,89.25,9.0
bilal coulibaly,78.0,86.5,9.0
donovan mitchell,73.25,82.0,8.75
thomas sorber,81.25,90.0,8.75
kelly oubre jr.,77.75,86.25,8.5
andre drummond,81.75,90.25,8.5
thomas bryant,81.5,90.0,8.5
wendell moore jr.,76.25,84.75,8.5
moses moody,76.5,84.75,8.25
anthony davis,81.25,89.5,8.25
jerami grant,78.5,86.75,8.25
oscar tshiebwe,79.25,87.5,8.25
jarrett allen,81.0,89.25,8.25
deandre jordan,81.75,90.0,8.25
og anunoby,78.25,86.25,8.0
p.j. washington,78.5,86.5,8.0
rudy gobert,84.5,92.5,8.0
chris boucher,80.0,88.0,8.0
jordan walsh,77.75,85.75,8.0
brandon ingram,79.0,87.0,8.0
victor wembanyama,88.0,96.0,8.0
jarace walker,78.5,86.5,8.0
jonathan mogbo,78.25,86.0,7.75
ryan rollins,74.0,81.75,7.75
scottie barnes,79.0,86.75,7.75
aaron holiday,71.75,79.5,7.75
wendell carter jr.,80.75,88.5,7.75
kevin durant,81.0,88.75,7.75
miles mcbride,73.0,80.75,7.75
norman powell,75.0,82.75,7.75
terry rozier,72.5,80.25,7.75
marjon beauchamp,77.25,84.75,7.5
draymond green,77.75,85.25,7.5
bones hyland,74.0,81.5,7.5
kevon looney,80.0,87.5,7.5
jaren jackson jr.,81.75,89.25,7.5
adem bona,80.25,87.75,7.5
shaedon sharpe,76.25,83.5,7.25
kyle anderson,79.5,86.75,7.25
ryan dunn,78.25,85.5,7.25
mikal bridges,77.75,85.0,7.25
tari eason,78.75,86.0,7.25
jordan miller,76.5,83.75,7.25
marcus smart,74.0,81.25,7.25
shai gilgeous-alexander,76.5,83.5,7.0
pascal siakam,80.25,87.25,7.0
scoot henderson,74.0,81.0,7.0
deandre hunter,79.0,86.0,7.0
harrison ingram,77.25,84.25,7.0
deandre ayton,83.0,90.0,7.0
charles bassey,81.0,87.5,7.0
eric gordon,74.0,81.0,7.0
anfernee simons,74.25,81.25,7.0
naji marshall,77.75,84.75,7.0
vince williams jr.,76.0,83.0,7.0
zach edey,87.75,94.75,7.0
haywood highsmith,77.0,83.5,7.0
mike conley,71.0,77.75,6.75
trendon watford,79.5,86.25,6.75
dalen terry,78.0,84.75,6.75
thanasis antetokounmpo,77.25,84.0,6.75
james harden,76.0,82.75,6.75
drake powell,77.25,84.0,6.75
dennis schroder,73.0,79.75,6.75
collin sexton,72.5,79.25,6.75
jalen duren,82.25,89.0,6.75
ayo dosunmu,75.5,82.25,6.75
dangelo russell,75.25,81.75,6.5
devin carter,74.25,80.75,6.5
dillon jones,76.5,83.0,6.5
clint capela,82.0,88.5,6.5
jaylen brown,77.25,83.75,6.5
christian koloko,82.75,89.25,6.5
cody williams,78.5,85.0,6.5
xavier tillman,79.5,86.0,6.5
naz reid,80.75,87.25,6.5
mark williams,84.0,90.5,6.5
matisse thybulle,77.0,83.5,6.5
jamir watkins,77.0,83.25,6.25
myles turner,81.75,88.0,6.25
amen thompson,77.75,84.0,6.25
ausar thompson,77.75,84.0,6.25
blake wesley,75.0,81.25,6.25
deanthony melton,74.25,80.5,6.25
dominick barlow,80.75,87.0,6.25
caleb martin,76.0,82.25,6.25
herbert jones,78.0,84.25,6.25
e.j. liddell,77.5,83.75,6.25
collin murray-boyles,78.5,84.75,6.25
rui hachimura,79.75,86.0,6.25
hunter sallis,75.75,82.0,6.25
immanuel quickley,74.0,80.25,6.25
nikola vucevic,82.25,88.5,6.25
cade cunningham,78.0,84.25,6.25
jeff green,79.0,85.25,6.25
brook lopez,83.25,89.5,6.25
olivier-maxence prosper,78.75,85.0,6.25
malaki branham,76.0,82.0,6.0
larry nance jr.,79.5,85.5,6.0
orlando robinson,82.0,88.0,6.0
anthony edwards,75.0,81.0,6.0
dereck lively ii,85.0,91.0,6.0
chet holmgren,84.0,90.0,6.0
alijah martin,73.5,79.5,6.0
dylan harper,76.5,82.5,6.0
khaman maluach,84.75,90.75,6.0
derrick jones jr.,78.0,84.0,6.0
bam adebayo,80.75,86.75,6.0
jonas valanciunas,83.0,89.0,6.0
cason wallace,74.5,80.5,6.0
gary payton ii,74.0,80.0,6.0
dejounte murray,76.0,82.0,6.0
damian lillard,73.75,79.75,6.0
jd davison,72.5,78.5,6.0
kris dunn,75.0,81.0,6.0
onyeka okongwu,80.25,86.0,5.75
danny wolf,80.5,86.25,5.75
adou thiero,78.25,84.0,5.75
tyty washington jr.,74.25,80.0,5.75
steven adams,82.75,88.5,5.75
peyton watson,78.75,84.5,5.75
bruce brown,75.25,81.0,5.75
ochai agbaji,76.5,82.25,5.75
jakobe walter,76.25,82.0,5.75
luguentz dort,74.75,80.5,5.75
bronny james,73.5,79.25,5.75
marcus sasser,73.25,79.0,5.75
neemias queta,82.75,88.25,5.5
russell westbrook,74.25,79.75,5.5
guerschon yabusele,79.5,85.0,5.5
tre johnson,76.75,82.25,5.5
toumani camara,79.0,84.5,5.5
jase richardson,72.5,78.0,5.5
jaden hardy,75.5,81.0,5.5
jaden ivey,75.5,81.0,5.5
bogdan bogdanovic,77.5,83.0,5.5
jordan mclaughlin,71.0,76.5,5.5
buddy hield,75.75,81.25,5.5
jalen pickett,74.0,79.25,5.25
dorian finney-smith,78.5,83.75,5.25
jaxson hayes,82.25,87.5,5.25
joel embiid,83.75,89.0,5.25
josh green,76.5,81.75,5.25
aaron wiggins,76.5,81.75,5.25
moussa diabate,81.25,86.5,5.25
nickeil alexander-walker,76.25,81.5,5.25
obi toppin,80.75,86.0,5.25
precious achiuwa,79.5,84.75,5.25
daniel gafford,81.25,86.5,5.25
carter bryant,78.5,83.75,5.25
chaz lanier,75.75,81.0,5.25
taurean prince,78.5,83.5,5.0
nolan traore,75.0,80.0,5.0
evan mobley,83.0,88.0,5.0
ace bailey,79.5,84.5,5.0
colin castleton,83.0,87.5,5.0
jericho sims,82.0,87.0,5.0
jaylen clark,76.0,81.0,5.0
aaron nesmith,77.0,82.0,5.0
devin vassell,77.0,82.0,5.0
mouhamed gueye,82.25,87.25,5.0
ryan kalkbrenner,85.0,90.0,5.0
tyrese maxey,74.0,79.0,5.0
donovan clingan,85.75,90.75,5.0
andrew wiggins,79.0,84.0,5.0
rj barrett,77.0,82.0,5.0
royce oneale,76.0,81.0,5.0
keon ellis,75.5,80.5,5.0
jalen smith,81.25,86.25,5.0
brice sensabaugh,78.0,83.0,5.0
kelel ware,83.75,88.5,4.75
jordan clarkson,75.25,80.0,4.75
trayce jackson-davis,80.25,85.0,4.75
zion williamson,77.75,82.5,4.75
zeke nnaji,81.25,86.0,4.75
julian phillips,78.75,83.5,4.75
bradley beal,75.25,80.0,4.75
nicolas batum,80.25,85.0,4.75
isaiah jackson,81.5,86.25,4.75
al horford,80.0,84.75,4.75
leonard miller,81.25,86.0,4.75
jalen johnson,79.75,84.25,4.5
luka doncic,78.5,83.0,4.5
bennedict mathurin,76.5,81.0,4.5
nic claxton,82.0,86.5,4.5
keldon johnson,76.75,81.25,4.5
max christie,76.25,80.75,4.5
dyson daniels,78.0,82.5,4.5
jarred vanderbilt,80.5,85.0,4.5
tyus jones,72.5,77.0,4.5
deaaron fox,74.0,78.5,4.5
paul reed,81.0,85.5,4.5
gary trent jr.,76.25,80.75,4.5
bobby portis,81.5,86.0,4.5
ivica zubac,83.5,88.0,4.5
tobias harris,78.5,83.0,4.5
alex sarr,83.75,88.25,4.5
trey murphy iii,79.5,84.0,4.5
josh hart,75.75,80.25,4.5
karl-anthony towns,83.0,87.5,4.5
isaiah joe,75.0,79.5,4.5
taylor hendricks,80.25,84.5,4.25
aaron gordon,79.5,83.75,4.25
derrick white,75.25,79.5,4.25
john tonje,76.75,81.0,4.25
caris levert,77.75,82.0,4.25
sandro mamukelashvili,81.0,85.25,4.25
sidy cissoko,77.5,81.75,4.25
cooper flagg,79.75,84.0,4.25
miles bridges,77.25,81.5,4.25
julius randle,79.75,84.0,4.25
josh minott,79.5,83.75,4.25
daron holmes ii,80.75,85.0,4.25
bub carrington,75.75,80.0,4.25
ronald holland ii,78.5,82.75,4.25
aj johnson,76.25,80.5,4.25
gary harris,74.5,78.75,4.25
davion mitchell,72.0,76.25,4.25
jonathan kuminga,79.0,83.25,4.25
grayson allen,75.0,79.25,4.25
andre jackson jr.,77.5,81.75,4.25
harrison barnes,79.0,83.25,4.25
jaylin williams,80.75,85.0,4.25
dante exum,77.0,81.0,4.0
noah clowney,82.0,86.0,4.0
khris middleton,78.75,82.75,4.0
jabari walker,78.75,82.75,4.0
kris murray,79.75,83.75,4.0
jaesean tate,76.0,80.0,4.0
darius garland,73.0,77.0,4.0
jevon carter,72.25,76.25,4.0
saddiq bey,79.0,83.0,4.0
duop reath,81.0,85.0,4.0
grant williams,77.75,81.75,4.0
tyler smith,81.0,85.0,4.0
patrick williams,79.0,83.0,4.0
giannis antetokounmpo,83.0,87.0,4.0
pat connaughton,76.0,80.0,4.0
walker kessler,84.25,88.25,4.0
cj mccollum,74.25,78.25,4.0
zach lavine,76.5,80.25,3.75
jrue holiday,75.25,79.0,3.75
javon small,73.0,76.75,3.75
quentin grimes,76.0,79.75,3.75
tidjane salaun,81.0,84.75,3.75
kevin mccullar jr.,77.25,81.0,3.75
lebron james,80.5,84.25,3.75
nick richards,82.5,86.25,3.75
dalton knecht,77.25,81.0,3.75
devin booker,76.5,80.25,3.75
lonzo ball,77.25,81.0,3.75
paul george,79.75,83.25,3.5
bryce mcgowens,77.25,80.75,3.5
paolo banchero,81.0,84.5,3.5
cam christie,76.5,80.0,3.5
kevin love,79.75,83.25,3.5
ja morant,74.5,78.0,3.5
demar derozan,77.5,81.0,3.5
kentavious caldwell-pope,76.5,80.0,3.5
anthony gill,79.5,83.0,3.5
kristaps porzingis,86.5,90.0,3.5
isaac okoro,77.0,80.5,3.5
jaime jaquez jr.,78.0,81.5,3.5
goga bitadze,82.5,86.0,3.5
nikola jokic,83.5,87.0,3.5
jayson tatum,79.5,83.0,3.5
cam thomas,75.0,78.5,3.5
stephon castle,77.5,81.0,3.5
luka garza,82.0,85.5,3.5
vj edgecombe,76.0,79.5,3.5
caleb houstan,79.5,83.0,3.5
jalen green,76.0,79.5,3.5
gg jackson,80.25,83.5,3.25
yves missi,82.75,86.0,3.25
derik queen,81.25,84.5,3.25
mark sears,70.75,74.0,3.25
kyshawn george,79.0,82.25,3.25
jordan poole,75.5,78.75,3.25
klay thompson,77.75,81.0,3.25
john konchar,76.75,80.0,3.25
georges niang,78.75,82.0,3.25
jeremy sochan,80.5,83.75,3.25
julian strawther,78.0,81.25,3.25
tyrese proctor,76.25,79.25,3.0
tre jones,73.0,76.0,3.0
jamal murray,75.5,78.5,3.0
payton pritchard,73.0,76.0,3.0
julian champagnie,79.0,82.0,3.0
johni broome,81.25,84.25,3.0
ajay mitchell,75.25,78.25,3.0
tyrese haliburton,76.75,79.75,3.0
isaiah livers,78.0,81.25,3.0
jock landale,83.0,86.0,3.0
nick smith jr.,77.0,80.0,3.0
cameron johnson,79.0,82.0,3.0
dayron sharpe,81.0,84.0,3.0
john collins,80.25,83.25,3.0
jay huff,85.0,88.0,3.0
brandon miller,81.0,83.5,3.0
dwight powell,81.5,84.5,3.0
chris paul,73.0,76.0,3.0
jalen brunson,73.0,76.0,3.0
craig porter jr.,73.0,76.0,3.0
seth curry,73.0,76.0,3.0
terrence shannon jr.,77.75,80.75,3.0
kasparas jakucionis,76.75,79.75,3.0
terance mann,76.75,79.75,3.0
keegan murray,80.0,83.0,3.0
doug mcdermott,78.25,81.25,3.0
kam jones,75.25,78.0,2.75
nique clifford,77.25,80.0,2.75
jake laravia,78.75,81.5,2.75
malik monk,74.25,77.0,2.75
jamal shead,72.25,75.0,2.75
cam whitmore,77.75,80.5,2.75
nikola jovic,81.5,84.25,2.75
isaiah hartenstein,83.5,86.25,2.75
andrew nembhard,75.0,77.75,2.75
jeremiah fears,74.5,77.25,2.75
landry shamet,76.0,78.75,2.75
zach collins,82.25,85.0,2.75
ben sheppard,77.25,79.75,2.5
ousmane dieng,81.5,84.0,2.5
sam hauser,78.75,81.25,2.5
tim hardaway jr.,76.5,79.0,2.5
jusuf nurkic,83.5,86.0,2.5
trae young,72.5,75.0,2.5
alperen sengun,82.0,84.5,2.5
jordan hawkins,76.25,78.75,2.5
jaylon tyson,77.5,80.0,2.5
jonathan isaac,82.5,85.0,2.5
joe ingles,79.75,82.25,2.5
cole anthony,74.0,76.5,2.5
jalen wilson,77.5,80.0,2.5
jakob poeltl,84.25,86.75,2.5
jabari smith jr.,82.5,85.0,2.5
max strus,77.0,79.5,2.5
gradey dick,78.25,80.75,2.5
franz wagner,81.0,83.5,2.5
donte divincenzo,75.5,78.0,2.5
isaiah collier,74.5,76.75,2.25
bobi klintman,80.75,83.0,2.25
michael porter jr.,81.75,84.0,2.25
kyle lowry,71.75,74.0,2.25
kyrie irving,73.75,76.0,2.25
zaccharie risacher,80.25,82.5,2.25
asa newell,81.0,83.25,2.25
jalen suggs,75.5,77.5,2.0
walter clayton jr.,74.0,76.0,2.0
drew eubanks,81.0,83.0,2.0
rob dillingham,73.0,75.0,2.0
baylor scheierman,78.25,80.25,2.0
jose alvarado,71.0,73.0,2.0
cam spencer,75.0,77.0,2.0
ziaire williams,80.25,82.25,2.0
alex caruso,76.0,78.0,2.0
lamelo ball,78.0,80.0,2.0
jaden mcdaniels,81.0,83.0,2.0
noa essengue,81.0,83.0,2.0
fred vanvleet,72.0,74.0,2.0
egor demin,80.25,82.25,2.0
nikola topic,78.0,80.0,2.0
sion james,76.5,78.5,2.0
keyonte george,76.0,78.0,2.0
moritz wagner,82.0,84.0,2.0
tristan da silva,80.25,82.25,2.0
austin reaves,76.5,78.25,1.75
liam mcneeley,78.75,80.5,1.75
anthony black,77.75,79.5,1.75
yang hansen,85.0,86.75,1.75
brandin podziemski,75.75,77.5,1.75
rocco zikarsky,87.0,88.75,1.75
jared mccain,74.0,75.5,1.5
jimmy butler iii,78.0,79.5,1.5
tyler kolek,73.25,74.75,1.5
pacome dadiet,79.5,81.0,1.5
t.j. mcconnell,72.5,74.0,1.5
oso ighodaro,81.5,83.0,1.5
reed sheppard,73.75,75.25,1.5
stephen curry,74.0,75.5,1.5
sam merrill,75.5,77.0,1.5
marvin bagley iii,82.5,84.0,1.5
coby white,75.5,77.0,1.5
maxi kleber,81.25,82.75,1.5
max shulga,76.25,77.75,1.5
kevin huerter,78.25,79.5,1.25
matas buzelis,80.75,82.0,1.25
kon knueppel,77.0,78.25,1.25
kobe sanders,79.0,80.25,1.25
kenrich williams,78.0,79.25,1.25
christian braun,77.5,78.5,1.0
micah peavy,78.25,79.25,1.0
dillon brooks,77.0,78.0,1.0
maxime raynaud,84.25,85.25,1.0
dean wade,81.0,82.0,1.0
domantas sabonis,82.0,83.0,1.0
brandon clarke,79.25,80.25,1.0
corey kispert,78.0,79.0,1.0
jett howard,80.0,81.0,1.0
tre mann,75.25,76.0,0.75
jaylen wells,78.5,79.25,0.75
luke kennard,76.5,77.25,0.75
dario saric,81.5,82.0,0.5
johnny furphy,79.5,80.0,0.5
will riley,80.25,80.75,0.5
amir coffey,78.75,79.25,0.5
santi aldama,82.75,83.0,0.25
lauri markkanen,83.0,83.0,0.0
luke kornet,85.0,85.0,0.0
mason plumlee,83.25,83.0,-0.25
deni avdija,80.75,80.5,-0.25
kyle filipowski,82.75,82.5,-0.25
ty jerome,76.25,76.0,-0.25
koby brea,77.75,77.25,-0.5
josh giddey,80.0,79.5,-0.5
desmond bane,77.0,76.25,-0.75
kelly olynyk,82.75,81.75,-1.0
kyle kuzma,80.0,79.0,-1.0
tyler herro,76.5,75.25,-1.25
svi mykhailiuk,78.5,77.0,-1.5
